Sample_Name,IndexNum,index,Description,Source,Treatment,Input.ReadCount,File.Base.ID,lib.method,enzyme,HEAT,Treatment2,Subpool.ID
plasma_a,S1,ATCACG,U01maleplasma,U01maleplasma,none,,"","",,NO.HEAT,NO.PNK:NO.HEAT,U01maleplasma
plasma_b,S2,CGATGT,U01maleplasma,U01maleplasma,none,,"","",,NO.HEAT,NO.PNK:NO.HEAT,U01maleplasma
mirx_a,S3,TTAGGC,miRxplore,miRxplore,none,,"","",,NO.HEAT,NO.PNK:NO.HEAT,miRxplore
mirx_b,S4,TGACCA,miRxplore,miRxplore,none,,"","",,NO.HEAT,NO.PNK:NO.HEAT,miRxplore
plasma_c,S5,ACAGTG,UO1maleplasma,U01maleplasma,none,,"","",,NO.HEAT,NO.PNK:NO.HEAT,U01maleplasma
plasma_d,S6,GCCAAT,UO1maleplasma,U01maleplasma,none,,"","",,NO.HEAT,NO.PNK:NO.HEAT,U01maleplasma
mirx_c,S7,CAGATC,miRxplore,miRxplore,none,,"","",,NO.HEAT,NO.PNK:NO.HEAT,miRxplore
mirx_d,S8,ACTTGA,miRxplore,miRxplore,none,,"","",,NO.HEAT,NO.PNK:NO.HEAT,miRxplore
pool_a,S9,GATCAG,UO1pool,U01FULL,none,12454254,pool-a_S9,4N,,NO.HEAT,NO.PNK:NO.HEAT,SynthRNA476v1
subpool1_a,S10,TAGCTT,U01subpool1,Subpool1,none,7532868,subpool1-a_S10,4N,,NO.HEAT,NO.PNK:NO.HEAT,Pool1
subpool2_a,S11,GGCTAC,UO1subpool2,Subpool2,none,8843235,subpool2-a_S11,4N,,NO.HEAT,NO.PNK:NO.HEAT,Pool2
subpool3_a,S12,CTTGTA,UO1subpool3,Subpool3,none,8266668,subpool3-a_S12,4N,,NO.HEAT,NO.PNK:NO.HEAT,Pool3
subpool4_a,S13,AGTCAA,UO1subpool4,Subpool4,none,8659322,subpool4-a_S13,4N,,NO.HEAT,NO.PNK:NO.HEAT,Pool4
subpool5_a,S14,AGTTCC,UO1subpool5,Subpool5,none,8585297,subpool5-a_S14,4N,,NO.HEAT,NO.PNK:NO.HEAT,Pool5
subpool6_a,S15,ATGTCA,UO1subpool6,Subpool6,none,7093754,subpool6-a_S15,4N,,NO.HEAT,NO.PNK:NO.HEAT,Pool6
pool_pnk_a,S16,CCGTCC,UO1poolPNKheat,U01FULL,PNKheat,9793939,pool-pnk-a_S16,4N,PNK,HEAT,PNK:HEAT,SynthRNA476v1
pool_minus_a,S17,GTAGAG,UO1poolminusheat,U01FULL,minusheat,9990934,pool-minus-a_S17,4N,,HEAT,NO.PNK:HEAT,SynthRNA476v1
pool_optikinase_a,S18,GTCCGC,UO1pooloptikinaseheat,U01FULL,optikinaseheat,5797183,pool-optikinase-a_S18,4N,optikinase,HEAT,optikinase:HEAT,SynthRNA476v1
pool_cocktail_a,S19,GTGAAA,UO1poolcocktailheat,U01FULL,cocktailheat,7579666,pool-cocktail-a_S19,4N,cocktail,HEAT,cocktail:HEAT,SynthRNA476v1
pool_ciap_pnk_a,S20,GTGGCC,UO1poolCIAPPNKheat,U01FULL,CIAPPNKheat,8022323,pool-ciap-pnk-a_S20,4N,CIAPPNK,HEAT,CIAPPNK:HEAT,SynthRNA476v1
pool_ciap_pnk_minus_,S21,GTTTCG,UO1poolCIAPPNKminusheat,U01FULL,CIAPPNKminusheat,,"","",CIAP,HEAT,CIAP:HEAT,SynthRNA476v1
pool_caip_cocktail_a,S22,CGTACG,UO1poolCIAPcocktailheat,U01FULL,CIAPcocktailheat,,"","",CIAPcocktail,HEAT,CIAPcocktail:HEAT,SynthRNA476v1
pool_ciap_a,S23,GAGTGG,UO1poolCIAPheat,U01FULL,CIAPheat,7464421,pool-ciap-a_S23,4N,CIAP,HEAT,CIAP:HEAT,SynthRNA476v1
plasma_e,S24,GGTAGC,UO1plasmamale,U01maleplasma,UO1plasmamale,,"","",UO1plasmamale,NO.HEAT,UO1plasmamale:NO.HEAT,U01maleplasma
pool_b,S25,ACTGAT,UO1pool,U01FULL,none,10101070,pool-b_S25,6N,,NO.HEAT,NO.PNK:NO.HEAT,SynthRNA476v1
pool_c,S26,ATGAGC,UO1pool,U01FULL,none,7444310,pool-c_S26,6N,,NO.HEAT,NO.PNK:NO.HEAT,SynthRNA476v1
plasma_f,S27,ATTCCT,UO1maleplasma,U01maleplasma,none,,"","",,NO.HEAT,NO.PNK:NO.HEAT,U01maleplasma
plasma_g,S28,CAAAAG,UO1maleplasma,U01maleplasma,none,,"","",,NO.HEAT,NO.PNK:NO.HEAT,U01maleplasma
pool_pnk_b,S29,CAACTA,UO1pnkheat,U01FULL,PNKheat,4770401,pool-pnk-b_S29,6N,PNK,HEAT,PNK:HEAT,SynthRNA476v1
pool_cocktail_b,S30,CACCGG,UO1poolcocktailheat,U01FULL,cocktailheat,374,pool-cocktail-b_S30,"",cocktail,HEAT,cocktail:HEAT,SynthRNA476v1
subpool4_b,S31,CACGAT,UO1subpool4,Subpool4,none,9523746,subpool4-b_S31,6N,,NO.HEAT,NO.PNK:NO.HEAT,Pool4
subpool4_cocktail_a,S32,CACTCA,UO1subpool4cocktailheat,Subpool4,cocktailheat,5331686,subpool4-cocktail-a_S32,6N,cocktail,HEAT,cocktail:HEAT,Pool4
subpool4_pnk_a,S33,CAGGCG,UO1subpool4pnkheat,Subpool4,PNKheat,5723212,subpool4-pnk-a_S33,6N,PNK,HEAT,PNK:HEAT,Pool4
pool_d,S34,CATGGC,UO1pool,U01FULL,none,4936318,pool-d_S34,TruSeq,,NO.HEAT,NO.PNK:NO.HEAT,SynthRNA476v1
subpool1_b,S35,CATTTT,UO1subpool1,Subpool1,none,2912267,subpool1-b_S35,TruSeq,,NO.HEAT,NO.PNK:NO.HEAT,Pool1
subpool2_b,S36,CCAACA,UO1subpool2,Subpool2,none,2314521,subpool2-b_S36,TruSeq,,NO.HEAT,NO.PNK:NO.HEAT,Pool2
subpool3_b,S37,CGGAAT,UO1subpool3,Subpool3,none,6356744,subpool3-b_S37,TruSeq,,NO.HEAT,NO.PNK:NO.HEAT,Pool3
subpool4_c,S38,CTAGCT,UO1subpool4,Subpool4,none,363379,subpool4-c_S38,TruSeq,,NO.HEAT,NO.PNK:NO.HEAT,Pool4
subpool5_b,S39,CTATAC,UO1subpool5,Subpool5,none,7431476,subpool5-b_S39,TruSeq,,NO.HEAT,NO.PNK:NO.HEAT,Pool5
subpool6_b,S40,CTCAGA,UO1subpool6,Subpool6,none,5157629,subpool6-b_S40,TruSeq,,NO.HEAT,NO.PNK:NO.HEAT,Pool6
pool_pnk_c,S41,GACGAC,UO1poolpnkheat,U01FULL,PNKheat,4072924,pool-pnk-c_S41,TruSeq,PNK,HEAT,PNK:HEAT,SynthRNA476v1
pool_cocktail_c,S42,TAATCG,UO1poolcocktailheat,U01FULL,cocktailheat,3769676,pool-cocktail-c_S42,TruSeq,cocktail,HEAT,cocktail:HEAT,SynthRNA476v1
subpool1_pnk_a,S43,TACAGC,UO1subpool1pnkheat,Subpool1,PNKheat,8498986,subpool1-pnk-a_S43,6N,PNK,HEAT,PNK:HEAT,Pool1
subpool2_pnk_a,S44,TATAAT,UO1subpool2pnkheat,Subpool2,PNKheat,9289678,subpool2-pnk-a_S44,6N,PNK,HEAT,PNK:HEAT,Pool2
subpool3_pnk_a,S45,TCATTC,UO1subpool3pnkheat,Subpool3,PNKheat,8395124,subpool3-pnk-a_S45,6N,PNK,HEAT,PNK:HEAT,Pool3
subpool4_pnk_b,S46,TCCCGA,UO1subpool4pnkheat,Subpool4,PNKheat,7157581,subpool4-pnk-b_S46,6N,PNK,HEAT,PNK:HEAT,Pool4
subpool5_pnk_a,S47,TCGAAG,UO1subpool5pnkheat,Subpool5,PNKheat,9701127,subpool5-pnk-a_S47,6N,PNK,HEAT,PNK:HEAT,Pool5
subpool6_pnk_a,S48,TCGGCA,UO1subpool6pnkheat,Subpool6,PNKheat,9989788,subpool6-pnk-a_S48,6N,PNK,HEAT,PNK:HEAT,Pool6
